<?xml version="1.0" encoding="UTF-8"?>
<cars>
    <car>
        <name>VW Golf 7 2,0 TDI NAVIGACIJA ALCANTARA SERVISNA JAMSTVO</name>
        <image>golf7.jpg</image>
        <price>13.500 EUR</price>
        <year>2015</year>
        <kilometraza>146.000 km</kilometraza>
    </car>
    <car>
        <name>Mercedes-Benz 123 300D AUTOMATIK *232560km*</name>
        <image>mercedes123.jpg</image>
        <price>16.800 EUR</price>
        <year>1980</year>
        <kilometraza>232.560 km</kilometraza>
    </car>
    <car>
        <name>BMW serija 3 318d Luxury *1.vlasnik* *Top oprema!*</name>
        <image>bmw320d.jpg</image>
        <price>13.990 EUR</price>
        <year>2014</year>
        <kilometraza>464.000 km</kilometraza>
    </car>
</cars>
